[{"fields": {"name": "UniTime Android App", "gh_name": "UniTime-android-app", "gh_id": 37597120, "gh_url": "https://github.com/Kodkollektivet/UniTime-android-app", "slug": "unitime-android-app", "gh_readme": "# Timeedit-app-android\n\nThis is an android app that will retrieve TimeEdit information from our server and display it in a nice way.\n"}, "model": "projects.project", "pk": 2}, {"fields": {"name": "UniTime Ionic App", "gh_name": "UniTime-ionic-app", "gh_id": 39452481, "gh_url": "https://github.com/Kodkollektivet/UniTime-ionic-app", "slug": "unitime-ionic-app", "gh_readme": "<h1>UniTime Ionic application</h1>\n<h2>This is an Ionic app that help students at LNU more easy check the schedule.</h2>\n<h2>The app is consuming data from UniTime-server through the a JSON Rest API.</h2>\n"}, "model": "projects.project", "pk": 3}, {"fields": {"name": "Kodkollektivet Documents", "gh_name": "documents", "gh_id": 43131682, "gh_url": "https://github.com/Kodkollektivet/documents", "slug": "documents", "gh_readme": "# Documents\n\nThis repository contains any documentation related to\nKodkollektivet, such as goals, policy etc."}, "model": "projects.project", "pk": 5}, {"fields": {"name": "UniTime Server", "gh_name": "UniTime-server", "gh_id": 34876324, "gh_url": "https://github.com/Kodkollektivet/UniTime-server", "slug": "unitime-server", "gh_readme": "<h1>UniTime server</h1>\n<h2>http://unitime.se (AngularJS app not maintained!)</h2>\n<h3>This is out \"main\" server in the UniTime project.</h3>\n<p>This server gets data from TimeEdit and publish the data with a JSON Rest API.</p>\n<p>We Rest API is consumed by a native Android app and a Ionic webapp that is developed for iOS.</p>\n<p>The server also publish a AngularJS web app.</p>\n<p>The AngularJS webapp is at the moment not maintained</p>\n<br>\n<p>If you would like to contrib to this project, we would be more than happy</p>\n<br>\n<br>\n\n\n<h2>API Endpoints</h2>\n<br>\n<p>HEAD</p>\n<p>/api/course/</p>\n<p>Returns: Length of all course objects stored in db.</p>\n\n<br>\n\n<p>GET</p>\n<p>/api/course/</p>\n\n</p>Returns: List with course objects thats stored in db.\nObjects has attributes: course_code, name_sv, name_en</p>\n\n<br>\n<p>POST</p>\n<p>/api/course/</p>\n<p>{'course':'1DV008'}</p>\n<p>\nReturns a single object in a list.\nObject has attributes: syllabus_en, semester, year, course_id, name_en, name_sv, course_location,\n                       course_language, course_points, syllabus_sv, url, course_speed, course_code</p>\n\n<br>\n<p>GET</p>\n<p>/api/course/[1DV008]</p>\n<p>Returns a single object in a list.\nObject has attributes: syllabus_en, semester, year, course_id, name_en, name_sv, course_location,\n                       course_language, course_points, syllabus_sv, url, course_speed, course_code</p>\n\n<br>\n<p>POST</p>\n<p>/api/event/</p>\n<p>{'course':'1DV008'}</p>\n<p>Returns a list of events objects.\nObject has attributes: info, startdate, name_sv, room, starttime, name_en, course_code, endtime,\n                       teacher, desc</p>\n\n<br>\n<p>GET</p>\n<p>/api/event/[1BD105]</p>\n<p>Returns a list of events objects.\nObject has attributes: info, startdate, name_sv, room, starttime, name_en, course_code, endtime,\n                       teacher, desc</p>\n"}, "model": "projects.project", "pk": 9}, {"fields": {"name": "Kodkollektivet.se", "gh_name": "kodkollektivet.se", "gh_id": 41824353, "gh_url": "https://github.com/Kodkollektivet/kodkollektivet.se", "slug": "kodkollektivetse", "gh_readme": "# Diagrams, flowcharts and related\n\n[General overview](https://drive.google.com/file/d/0Bzd3vno6_BwVcTFEbHVCbzlpLWM/view?usp=sharing)\n\n\n# Kodkollektivet\n--------------------------\n\n- A central point where committed students can be introduced to each other,\n  solve problems, and be creative. The goals of Kodkollektivet is to give\n  these students a place to work on both their own and external projects, as\n  well as to provide a place where we can all learn from each other.\n\n- To give members the opportunity of early-on experiences in fields that are\n  relevant and makes them attractive to the modern market. This could include\n  for instance, specific frameworks that are commonly used in practise but\n  are not being taught in the university.\n\n- Continuously working with external companies, building a network of\n  connections that can benefit Kodkollektivet and its members. These benefits\n  could be in the form of external, customer-based projects where members get\n  to interact and work with a customer on a professional level.\n\n- An easy way of building and showing off capabilities and experiences to\n  future employers. One of the corner stones in Kodkollektivet is to always\n  take pride in its members and what they have accomplished, both as a group\n  and individually.\n\n  As a member of Kodkollektivet, *credits must always be given publically* as a\n  proof or reference to what each member has done or is capable of doing.\n"}, "model": "projects.project", "pk": 10}, {"fields": {"name": "F\u00f6retagsbyten.se", "gh_name": "", "gh_id": null, "gh_url": "", "slug": "foretagsbytense", "gh_readme": ""}, "model": "projects.project", "pk": 11}, {"fields": {"website": "http://jherrlin.se", "about": "", "name": "John Herrlin", "gh_html": "https://github.com/jherrlin", "gh_avatar": "https://avatars.githubusercontent.com/u/1143091?v=3", "linkedin": "https://se.linkedin.com/pub/john-herrlin/80/582/634", "slug": "jherrlin", "gh_id": 1143091, "gh_url": "https://api.github.com/users/jherrlin", "email": "jherrlin@gmail.com", "gh_login": "jherrlin"}, "model": "projects.contributor", "pk": 1}, {"fields": {"website": "", "about": "", "name": "Rasmus Sj\u00f6str\u00f6m", "gh_html": "https://github.com/rasjostrom", "gh_avatar": "https://avatars.githubusercontent.com/u/9434836?v=3", "linkedin": "", "slug": "rasjostrom", "gh_id": 9434836, "gh_url": "https://api.github.com/users/rasjostrom", "email": "", "gh_login": "rasjostrom"}, "model": "projects.contributor", "pk": 2}, {"fields": {"website": "", "about": "", "name": "Robin Karlsson", "gh_html": "https://github.com/rk222ev", "gh_avatar": "https://avatars.githubusercontent.com/u/8580645?v=3", "linkedin": "", "slug": "rk222ev", "gh_id": 8580645, "gh_url": "https://api.github.com/users/rk222ev", "email": "", "gh_login": "rk222ev"}, "model": "projects.contributor", "pk": 3}, {"fields": {"website": "", "about": "", "name": "Otto Bergman", "gh_html": "https://github.com/OttoBergman", "gh_avatar": "https://avatars.githubusercontent.com/u/11648637?v=3", "linkedin": "", "slug": "ottobergman", "gh_id": 11648637, "gh_url": "https://api.github.com/users/OttoBergman", "email": "", "gh_login": "OttoBergman"}, "model": "projects.contributor", "pk": 4}, {"fields": {"website": "", "about": "", "name": "Johan Rovala", "gh_html": "https://github.com/johanrovala", "gh_avatar": "https://avatars.githubusercontent.com/u/7693960?v=3", "linkedin": "", "slug": "johanrovala", "gh_id": 7693960, "gh_url": "https://api.github.com/users/johanrovala", "email": "", "gh_login": "johanrovala"}, "model": "projects.contributor", "pk": 5}, {"fields": {"website": "", "about": "", "name": "aybchan", "gh_html": "https://github.com/aybchan", "gh_avatar": "https://avatars.githubusercontent.com/u/11278023?v=3", "linkedin": "", "slug": "aybchan", "gh_id": 11278023, "gh_url": "https://api.github.com/users/aybchan", "email": "", "gh_login": "aybchan"}, "model": "projects.contributor", "pk": 6}, {"fields": {"name": "Python", "slug": "Python"}, "model": "projects.language", "pk": 1}, {"fields": {"name": "Groff", "slug": "Groff"}, "model": "projects.language", "pk": 2}, {"fields": {"name": "JavaScript", "slug": "JavaScript"}, "model": "projects.language", "pk": 3}, {"fields": {"name": "HTML", "slug": "HTML"}, "model": "projects.language", "pk": 4}, {"fields": {"name": "CSS", "slug": "CSS"}, "model": "projects.language", "pk": 5}, {"fields": {"name": "Java", "slug": "Java"}, "model": "projects.language", "pk": 6}, {"fields": {"name": "Django", "slug": "Django"}, "model": "projects.framework", "pk": 1}, {"fields": {"name": "Django-Rest-Framework", "slug": "Django-Rest-Framework"}, "model": "projects.framework", "pk": 2}, {"fields": {"name": "Ionic", "slug": "Ionic"}, "model": "projects.framework", "pk": 3}, {"fields": {"name": "AngularJS", "slug": "AngularJS"}, "model": "projects.framework", "pk": 4}, {"fields": {"name": "jQuery", "slug": "jQuery"}, "model": "projects.framework", "pk": 5}, {"fields": {"name": "Bootstrap", "slug": "Bootstrap"}, "model": "projects.framework", "pk": 6}, {"fields": {"name": "Foundation", "slug": "Foundation"}, "model": "projects.framework", "pk": 7}, {"fields": {"project": 10, "framework": 1}, "model": "projects.profra", "pk": 1}, {"fields": {"project": 10, "framework": 2}, "model": "projects.profra", "pk": 2}, {"fields": {"project": 10, "framework": 4}, "model": "projects.profra", "pk": 3}, {"fields": {"project": 3, "framework": 1}, "model": "projects.profra", "pk": 4}, {"fields": {"project": 3, "framework": 3}, "model": "projects.profra", "pk": 5}, {"fields": {"project": 3, "framework": 4}, "model": "projects.profra", "pk": 6}, {"fields": {"project": 9, "framework": 1}, "model": "projects.profra", "pk": 7}, {"fields": {"project": 11, "framework": 1}, "model": "projects.profra", "pk": 8}, {"fields": {"project": 11, "framework": 5}, "model": "projects.profra", "pk": 9}, {"fields": {"project": 11, "framework": 7}, "model": "projects.profra", "pk": 10}, {"fields": {"project": 10, "framework": 6}, "model": "projects.profra", "pk": 11}, {"fields": {"project": 5, "contributor": 1}, "model": "projects.procon", "pk": 1}, {"fields": {"project": 5, "contributor": 2}, "model": "projects.procon", "pk": 2}, {"fields": {"project": 5, "contributor": 3}, "model": "projects.procon", "pk": 3}, {"fields": {"project": 2, "contributor": 4}, "model": "projects.procon", "pk": 7}, {"fields": {"project": 2, "contributor": 5}, "model": "projects.procon", "pk": 8}, {"fields": {"project": 2, "contributor": 1}, "model": "projects.procon", "pk": 9}, {"fields": {"project": 3, "contributor": 1}, "model": "projects.procon", "pk": 10}, {"fields": {"project": 3, "contributor": 4}, "model": "projects.procon", "pk": 11}, {"fields": {"project": 3, "contributor": 2}, "model": "projects.procon", "pk": 12}, {"fields": {"project": 10, "contributor": 1}, "model": "projects.procon", "pk": 27}, {"fields": {"project": 10, "contributor": 2}, "model": "projects.procon", "pk": 28}, {"fields": {"project": 10, "contributor": 3}, "model": "projects.procon", "pk": 29}, {"fields": {"project": 9, "contributor": 1}, "model": "projects.procon", "pk": 30}, {"fields": {"project": 9, "contributor": 2}, "model": "projects.procon", "pk": 31}, {"fields": {"project": 9, "contributor": 4}, "model": "projects.procon", "pk": 32}, {"fields": {"project": 9, "contributor": 6}, "model": "projects.procon", "pk": 33}, {"fields": {"project": 11, "contributor": 1}, "model": "projects.procon", "pk": 34}, {"fields": {"project": 11, "contributor": 4}, "model": "projects.procon", "pk": 35}, {"fields": {"project": 11, "contributor": 2}, "model": "projects.procon", "pk": 36}, {"fields": {"project": 2, "language": 6}, "model": "projects.prolan", "pk": 6}, {"fields": {"project": 3, "language": 3}, "model": "projects.prolan", "pk": 7}, {"fields": {"project": 3, "language": 6}, "model": "projects.prolan", "pk": 8}, {"fields": {"project": 3, "language": 4}, "model": "projects.prolan", "pk": 9}, {"fields": {"project": 3, "language": 5}, "model": "projects.prolan", "pk": 10}, {"fields": {"project": 9, "language": 1}, "model": "projects.prolan", "pk": 25}, {"fields": {"project": 9, "language": 2}, "model": "projects.prolan", "pk": 26}, {"fields": {"project": 9, "language": 3}, "model": "projects.prolan", "pk": 27}, {"fields": {"project": 9, "language": 4}, "model": "projects.prolan", "pk": 28}, {"fields": {"project": 9, "language": 5}, "model": "projects.prolan", "pk": 29}, {"fields": {"project": 10, "language": 1}, "model": "projects.prolan", "pk": 30}, {"fields": {"project": 10, "language": 4}, "model": "projects.prolan", "pk": 31}, {"fields": {"project": 10, "language": 3}, "model": "projects.prolan", "pk": 32}, {"fields": {"project": 10, "language": 5}, "model": "projects.prolan", "pk": 33}, {"fields": {"project": 11, "language": 1}, "model": "projects.prolan", "pk": 36}, {"fields": {"project": 11, "language": 3}, "model": "projects.prolan", "pk": 37}, {"fields": {"project": 11, "language": 4}, "model": "projects.prolan", "pk": 38}, {"fields": {"project": 11, "language": 5}, "model": "projects.prolan", "pk": 39}]